cluster,n_accidents,fatal_count,serious_count,centroid_lat,centroid_lon,dominant_city,severity_weighted_score,rank
1,3970,123,819,19.067796430982074,72.9055662233878,Mumbai,6223,1
2,3941,118,780,28.649617132011887,77.22164139273913,Delhi,6091,2
3,3679,119,782,12.979635504048186,77.57975587908527,Bengaluru,5838,3
0,2752,87,594,13.11831247817091,80.2837268420269,Chennai,4375,4
5,2421,79,505,18.516325065415547,73.83915657899242,Pune,3826,5
4,515,22,149,28.443540022001763,77.4079196659808,Delhi,923,6
6,29,0,4,18.99535273800011,72.71568589594544,Mumbai,37,7
12,31,0,3,28.547086743480367,77.0220736210082,Delhi,37,8
10,18,1,4,28.4806918199401,77.0601450887745,Delhi,31,9
13,12,2,4,12.89119726455398,77.40275191404113,Bengaluru,30,10
15,20,1,2,28.83092133150053,77.16258943459312,Delhi,29,11
14,14,0,5,13.118064134915999,80.41880577573438,Chennai,24,12
7,15,1,1,28.758247921031323,77.38256650712074,Delhi,22,13
29,8,1,4,28.678314771291173,76.98956749680701,Delhi,21,14
22,19,0,1,13.065538488767794,80.41348485822355,Chennai,21,15
16,16,0,2,28.827843356656693,77.25590619008008,Delhi,20,16
18,15,0,2,12.821039392716063,77.53961237384371,Bengaluru,19,17
50,11,0,4,18.939360447404148,73.02235806802142,Mumbai,19,18
33,11,0,4,18.907654336721897,72.7764788636511,Mumbai,19,19
9,10,0,4,12.928413273707198,77.42766070225149,Bengaluru,18,20
19,12,0,3,19.238872757825987,72.97081309177042,Mumbai,18,21
24,10,0,4,12.810058656549472,77.44124126814101,Bengaluru,18,22
23,11,1,1,19.118016783359707,73.06410775744409,Mumbai,18,23
39,8,1,2,13.0712057330656,77.42408906665916,Bengaluru,17,24
27,9,0,4,28.60817933753968,77.4558083674199,Delhi,17,25
